CREATE TABLE Student (
  Sid   INTEGER,
  Sname VARCHAR(15),
  PRIMARY KEY (Sid)
);

CREATE TABLE Major (
  Sid   INTEGER REFERENCES Student (Sid),
  Major VARCHAR(15)
);

CREATE TABLE Book (
  Bookno INTEGER,
  Title  VARCHAR(30),
  Price  INTEGER,
  PRIMARY KEY (Bookno)
);

CREATE TABLE Cites (
  Bookno      INTEGER REFERENCES Book (Bookno),
  CitedBookno INTEGER REFERENCES Book (Bookno)
);

CREATE TABLE Buys (
  Sid    INTEGER REFERENCES Student (Sid),
  Bookno INTEGER REFERENCES Book (Bookno)
);

DROP TABLE Buys;
DROP TABLE Cites;
DROP TABLE Major;
DROP TABLE Student;
DROP TABLE Book;

-- Data for Assignment 4
-- student

INSERT INTO student VALUES (1001, 'Jean');
INSERT INTO student VALUES (1002, 'Maria');
INSERT INTO student VALUES (1003, 'Anna');
INSERT INTO student VALUES (1004, 'Chin');
INSERT INTO student VALUES (1005, 'John');
INSERT INTO student VALUES (1006, 'Ryan');
INSERT INTO student VALUES (1007, 'Catherine');
INSERT INTO student VALUES (1008, 'Emma');
INSERT INTO student VALUES (1009, 'Jan');
INSERT INTO student VALUES (1010, 'Linda');
INSERT INTO student VALUES (1011, 'Nick');
INSERT INTO student VALUES (1012, 'Eric');
INSERT INTO student VALUES (1013, 'Lisa');
INSERT INTO student VALUES (1014, 'Filip');
INSERT INTO student VALUES (1015, 'Dirk');
INSERT INTO student VALUES (1016, 'Mary');
INSERT INTO student VALUES (1017, 'Ellen');
INSERT INTO student VALUES (1020, 'Ahmed');
INSERT INTO student VALUES (1021, 'Vince');
INSERT INTO student VALUES (1022, 'Joeri');
INSERT INTO student VALUES (1023, 'Chris');
INSERT INTO student VALUES (1040, 'Sofie');

-- book

INSERT INTO book VALUES (2001, 'Databases', 40);
INSERT INTO book VALUES (2002, 'OperatingSystems', 25);
INSERT INTO book VALUES (2003, 'Networks', 20);
INSERT INTO book VALUES (2004, 'AI', 45);
INSERT INTO book VALUES (2005, 'DiscreteMathematics', 20);
INSERT INTO book VALUES (2006, 'SQL', 25);
INSERT INTO book VALUES (2007, 'ProgrammingLanguages', 15);
INSERT INTO book VALUES (2008, 'DataScience', 50);
INSERT INTO book VALUES (2009, 'Calculus', 10);
INSERT INTO book VALUES (2010, 'Philosophy', 25);
INSERT INTO book VALUES (2012, 'Geometry', 80);
INSERT INTO book VALUES (2013, 'RealAnalysis', 35);
INSERT INTO book VALUES (2011, 'Anthropology', 50);
INSERT INTO book VALUES (2014, 'Topology', 70);

-- cites
INSERT INTO cites VALUES (2012, 2001);
INSERT INTO cites VALUES (2008, 2011);
INSERT INTO cites VALUES (2008, 2012);
INSERT INTO cites VALUES (2001, 2002);
INSERT INTO cites VALUES (2001, 2007);
INSERT INTO cites VALUES (2002, 2003);
INSERT INTO cites VALUES (2003, 2001);
INSERT INTO cites VALUES (2003, 2004);
INSERT INTO cites VALUES (2003, 2002);
INSERT INTO cites VALUES (2010, 2001);
INSERT INTO cites VALUES (2010, 2002);
INSERT INTO cites VALUES (2010, 2003);
INSERT INTO cites VALUES (2010, 2004);
INSERT INTO cites VALUES (2010, 2005);
INSERT INTO cites VALUES (2010, 2006);
INSERT INTO cites VALUES (2010, 2007);
INSERT INTO cites VALUES (2010, 2008);
INSERT INTO cites VALUES (2010, 2009);
INSERT INTO cites VALUES (2010, 2011);
INSERT INTO cites VALUES (2010, 2013);
INSERT INTO cites VALUES (2010, 2014);

-- buys
INSERT INTO buys VALUES (1023, 2012);
INSERT INTO buys VALUES (1023, 2014);
INSERT INTO buys VALUES (1040, 2002);
INSERT INTO buys VALUES (1001, 2002);
INSERT INTO buys VALUES (1001, 2007);
INSERT INTO buys VALUES (1001, 2009);
INSERT INTO buys VALUES (1001, 2011);
INSERT INTO buys VALUES (1001, 2013);
INSERT INTO buys VALUES (1002, 2001);
INSERT INTO buys VALUES (1002, 2002);
INSERT INTO buys VALUES (1002, 2007);
INSERT INTO buys VALUES (1002, 2011);
INSERT INTO buys VALUES (1002, 2012);
INSERT INTO buys VALUES (1002, 2013);
INSERT INTO buys VALUES (1003, 2002);
INSERT INTO buys VALUES (1003, 2007);
INSERT INTO buys VALUES (1003, 2011);
INSERT INTO buys VALUES (1003, 2012);
INSERT INTO buys VALUES (1003, 2013);
INSERT INTO buys VALUES (1004, 2006);
INSERT INTO buys VALUES (1004, 2007);
INSERT INTO buys VALUES (1004, 2008);
INSERT INTO buys VALUES (1004, 2011);
INSERT INTO buys VALUES (1004, 2012);
INSERT INTO buys VALUES (1004, 2013);
INSERT INTO buys VALUES (1005, 2007);
INSERT INTO buys VALUES (1005, 2011);
INSERT INTO buys VALUES (1005, 2012);
INSERT INTO buys VALUES (1005, 2013);
INSERT INTO buys VALUES (1006, 2006);
INSERT INTO buys VALUES (1006, 2007);
INSERT INTO buys VALUES (1006, 2008);
INSERT INTO buys VALUES (1006, 2011);
INSERT INTO buys VALUES (1006, 2012);
INSERT INTO buys VALUES (1006, 2013);
INSERT INTO buys VALUES (1007, 2001);
INSERT INTO buys VALUES (1007, 2002);
INSERT INTO buys VALUES (1007, 2003);
INSERT INTO buys VALUES (1007, 2007);
INSERT INTO buys VALUES (1007, 2008);
INSERT INTO buys VALUES (1007, 2009);
INSERT INTO buys VALUES (1007, 2010);
INSERT INTO buys VALUES (1007, 2011);
INSERT INTO buys VALUES (1007, 2012);
INSERT INTO buys VALUES (1007, 2013);
INSERT INTO buys VALUES (1008, 2007);
INSERT INTO buys VALUES (1008, 2011);
INSERT INTO buys VALUES (1008, 2012);
INSERT INTO buys VALUES (1008, 2013);
INSERT INTO buys VALUES (1009, 2001);
INSERT INTO buys VALUES (1009, 2002);
INSERT INTO buys VALUES (1009, 2011);
INSERT INTO buys VALUES (1009, 2012);
INSERT INTO buys VALUES (1009, 2013);
INSERT INTO buys VALUES (1010, 2001);
INSERT INTO buys VALUES (1010, 2002);
INSERT INTO buys VALUES (1010, 2003);
INSERT INTO buys VALUES (1010, 2011);
INSERT INTO buys VALUES (1010, 2012);
INSERT INTO buys VALUES (1010, 2013);
INSERT INTO buys VALUES (1011, 2002);
INSERT INTO buys VALUES (1011, 2011);
INSERT INTO buys VALUES (1011, 2012);
INSERT INTO buys VALUES (1012, 2011);
INSERT INTO buys VALUES (1012, 2012);
INSERT INTO buys VALUES (1013, 2001);
INSERT INTO buys VALUES (1013, 2011);
INSERT INTO buys VALUES (1013, 2012);
INSERT INTO buys VALUES (1014, 2008);
INSERT INTO buys VALUES (1014, 2011);
INSERT INTO buys VALUES (1014, 2012);
INSERT INTO buys VALUES (1017, 2001);
INSERT INTO buys VALUES (1017, 2002);
INSERT INTO buys VALUES (1017, 2003);
INSERT INTO buys VALUES (1017, 2008);
INSERT INTO buys VALUES (1017, 2012);
INSERT INTO buys VALUES (1020, 2001);
INSERT INTO buys VALUES (1020, 2012);
INSERT INTO buys VALUES (1022, 2014);

-- major
INSERT INTO major VALUES (1001, 'Math');
INSERT INTO major VALUES (1001, 'Physics');
INSERT INTO major VALUES (1002, 'CS');
INSERT INTO major VALUES (1002, 'Math');
INSERT INTO major VALUES (1003, 'Math');
INSERT INTO major VALUES (1004, 'CS');
INSERT INTO major VALUES (1006, 'CS');
INSERT INTO major VALUES (1007, 'CS');
INSERT INTO major VALUES (1007, 'Physics');
INSERT INTO major VALUES (1008, 'Physics');
INSERT INTO major VALUES (1009, 'Biology');
INSERT INTO major VALUES (1010, 'Biology');
INSERT INTO major VALUES (1011, 'CS');
INSERT INTO major VALUES (1011, 'Math');
INSERT INTO major VALUES (1012, 'CS');
INSERT INTO major VALUES (1013, 'CS');
INSERT INTO major VALUES (1013, 'Psychology');
INSERT INTO major VALUES (1014, 'Theater');
INSERT INTO major VALUES (1017, 'Anthropology');
INSERT INTO major VALUES (1022, 'CS');
INSERT INTO major VALUES (1015, 'Chemistry');

-- 1
WITH E1 AS (SELECT *
            FROM Cites
              INNER JOIN Book ON Cites.CitedBookno = Book.Bookno)
SELECT DISTINCT CitedBookno
FROM E1
WHERE Price < 50;
